number,name,link,description,image_filename
1,Clarivive Medinsight,,Portfolio archive,001_clarivive_medinsight.jpg
2,Quantum Code Solutions,,Portfolio archive,002_quantum_code_solutions.jpg
3,TechLab,,Portfolio archive,003_techlab.jpg
4,AM Visa Hub,,Portfolio archive,004_am_visa_hub.jpg
5,Hafizabad Consultants,,Portfolio archive,005_hafizabad_consultants.jpg
6,AG1,,Portfolio archive,006_ag1.jpg
7,SCIE Journal Publication,,Portfolio archive,007_scie_journal_publication.jpg
8,Page One Insights,,Portfolio archive,008_page_one_insights.jpg
9,Fusion Box Vault,,Portfolio archive,009_fusion_box_vault.jpg
10,McZell Book Writings,,Portfolio archive,010_mczell_book_writings.jpg
11,WreckReports.com,,Portfolio archive,011_wreckreports_com.jpg
12,Skins by Linds,,Portfolio archive,012_skins_by_linds.jpg
13,Consol Techs,,Portfolio archive,013_consol_techs.jpg
14,Hijab-e-Haya,,Portfolio archive,014_hijab_e_haya.jpg
15,Amy B.,,Portfolio archive,015_amy_b.jpg
16,Research Publications UK,,Portfolio archive,016_research_publications_uk.jpg
17,Krnl,,Portfolio archive,017_krnl.jpg
18,Elevara Learning,,Portfolio archive,018_elevara_learning.jpg
19,Innovations Logistics,,Portfolio archive,019_innovations_logistics.jpg
20,Cleaning Scientists,,Portfolio archive,020_cleaning_scientists.jpg
21,Alpha Digify,,Portfolio archive,021_alpha_digify.jpg
22,Blackhawk Electric,,Portfolio archive,022_blackhawk_electric.jpg
23,Floating Docks Florida,,Portfolio archive,023_floating_docks_florida.jpg
24,Vantrex Digital,,Portfolio archive,024_vantrex_digital.jpg
25,Nexovia Solutions,,Portfolio archive,025_nexovia_solutions.jpg
26,Time to Pack Travel,,Portfolio archive,026_time_to_pack_travel.jpg
27,American Best Publishers,,Portfolio archive,027_american_best_publishers.jpg
28,Islamic Qurbani,,Portfolio archive,028_islamic_qurbani.jpg
29,Less Than 1 Thousand,,Portfolio archive,029_less_than_1_thousand.jpg
30,Fury Bags,,Portfolio archive,030_fury_bags.jpg
31,Quirky Bags,,Portfolio archive,031_quirky_bags.jpg
32,Mad Extra SEO,,Portfolio archive,032_mad_extra_seo.jpg
33,iZi Driving Academy,,Portfolio archive,033_izi_driving_academy.jpg
34,Homsstore,,Portfolio archive,034_homsstore.jpg
35,Thoppia,,Portfolio archive,035_thoppia.jpg
36,Zevitech,,Portfolio archive,036_zevitech.jpg
37,Madiha X Digital,,Portfolio archive,037_madiha_x_digital.jpg
38,She Chef'N,,Portfolio archive,038_she_chef_n.jpg
39,vSeeBox Online Shop,,Portfolio archive,039_vseebox_online_shop.jpg
40,SuperBoxx Shop,,Portfolio archive,040_superboxx_shop.jpg
41,Headphone by Budget,,Portfolio archive,041_headphone_by_budget.jpg
42,Kukon Store,,Portfolio archive,042_kukon_store.jpg
43,ArcticFit,,Portfolio archive,043_arcticfit.jpg
44,Rosh,,Portfolio archive,044_rosh.jpg
45,TechAriba Enterprises,,Portfolio archive,045_techariba_enterprises.jpg
46,Ebone Network,,Portfolio archive,046_ebone_network.jpg
47,Transworld Home,,Portfolio archive,047_transworld_home.jpg
48,Revon Gliders,,Portfolio archive,048_revon_gliders.jpg
49,The Partners Work,,Portfolio archive,049_the_partners_work.jpg
50,Yamm Buffet,,Portfolio archive,050_yamm_buffet.jpg
51,Novelle Ghostwriting,,Portfolio archive,051_novelle_ghostwriting.jpg
52,Scopus Article Publication,,Portfolio archive,052_scopus_article_publication.jpg
53,Bishop Prof. Daniel A. M. Ghansah,,Portfolio archive,053_bishop_prof_daniel_a_m_ghansah.jpg
54,Scopus Journal Services,,Portfolio archive,054_scopus_journal_services.jpg
55,Journal Publication House,,Portfolio archive,055_journal_publication_house.jpg
56,SCI Journal Publications,,Portfolio archive,056_sci_journal_publications.jpg
57,ESCI Journal Publication,,Portfolio archive,057_esci_journal_publication.jpg
58,Buzzline Digital,,Portfolio archive,058_buzzline_digital.jpg
59,SSCI Journal Publication,,Portfolio archive,059_ssci_journal_publication.jpg
60,Emerald Publication UK,,Portfolio archive,060_emerald_publication_uk.jpg
61,KEF,,Portfolio archive,061_kef.jpg
62,Khaleej News Pakistan,,Portfolio archive,062_khaleej_news_pakistan.jpg
63,Consumer Help Group,,Portfolio archive,063_consumer_help_group.jpg
64,BarBlu Pompano,,Portfolio archive,064_barblu_pompano.jpg
65,Results Medical Aesthetics,,Portfolio archive,065_results_medical_aesthetics.jpg
66,JD Handy Pro,,Portfolio archive,066_jd_handy_pro.jpg
67,City Painting & Construction,,Portfolio archive,067_city_painting_construction.jpg
68,NuLife Essentials,,Portfolio archive,068_nulife_essentials.jpg
69,Ninja Transfers,,Portfolio archive,069_ninja_transfers.jpg
70,Muhammad Hasan Masrur,,Portfolio archive,070_muhammad_hasan_masrur.jpg
71,City Inn Express,,Portfolio archive,071_city_inn_express.jpg
72,Kindle Ghostwriting,,Portfolio archive,072_kindle_ghostwriting.jpg
73,EME Elevators,,Portfolio archive,073_eme_elevators.jpg
74,EvenGreener,,Portfolio archive,074_evengreener.jpg
75,Land Stone Engineering,,Portfolio archive,075_land_stone_engineering.jpg
76,Elite Outfits,,Portfolio archive,076_elite_outfits.jpg
77,Mountain Cove Luxury Senior Care,,Portfolio archive,077_mountain_cove_luxury_senior_care.jpg
78,The Dressing Room 2,,Portfolio archive,078_the_dressing_room_2.jpg
79,Precision Plumbing Solutions,,Portfolio archive,079_precision_plumbing_solutions.jpg
80,L & H Fence & Construction,,Portfolio archive,080_l_h_fence_construction.jpg
81,Sloan Underground Construction,,Portfolio archive,081_sloan_underground_construction.jpg
82,RMB Fence & Deck,,Portfolio archive,082_rmb_fence_deck.jpg
83,CR Construction & Remodeling,,Portfolio archive,083_cr_construction_remodeling.jpg
84,Three Amigos Lawn & Landscape,,Portfolio archive,084_three_amigos_lawn_landscape.jpg
85,Legacy Towing & Transport,,Portfolio archive,085_legacy_towing_transport.jpg
86,RLB Electric,,Portfolio archive,086_rlb_electric.jpg
87,SD Assembly Pros,,Portfolio archive,087_sd_assembly_pros.jpg
88,Bluecat Carpet Cleaning,,Portfolio archive,088_bluecat_carpet_cleaning.jpg
89,The Tree Man,,Portfolio archive,089_the_tree_man.jpg
90,Dunn Irrigation & Landscapes,,Portfolio archive,090_dunn_irrigation_landscapes.jpg
91,Complete Landscape Management,,Portfolio archive,091_complete_landscape_management.jpg
92,Drywall & More Services,,Portfolio archive,092_drywall_more_services.jpg
93,Blair's Tree Service,,Portfolio archive,093_blair_s_tree_service.jpg
94,Handy's Construction,,Portfolio archive,094_handy_s_construction.jpg
95,Miracle Tree Services,,Portfolio archive,095_miracle_tree_services.jpg
96,Tim's Tree Service,,Portfolio archive,096_tim_s_tree_service.jpg
97,In Motion Getaways,,Portfolio archive,097_in_motion_getaways.jpg
98,The Link Solutions,,Portfolio archive,098_the_link_solutions.jpg
99,Quantum Technologies,,Portfolio archive,099_quantum_technologies.jpg
100,Krista Tancredo,,Portfolio archive,100_krista_tancredo.jpg
